[
    {
        "transactionId":1,
        "transactionDate":"05-05-2005",
        "fromAccount":1,
        "toAccount":1,
        "amount":25000,
        "transactionType":"Debit",
        "description":"Debit"
    },
    {
        "transactionId":2,
        "transactionDate":"05-05-2005",
        "fromAccount":2,
        "toAccount":2,
        "amount":100,
        "transactionType":"Credit",
        "description":"Credit"
    },
    {
        "transactionId":3,
        "transactionDate":"05-05-2005",
        "fromAccount":1,
        "toAccount":2,
        "amount":1000,
        "transactionType":"Fund Transfer",
        "description":"Fund Transfer"
    }
]